APPL,MSFT,HL,NEM,F,TM
19.0757451706255,67.3963645774691,0.563034499902472,13.4379628692068,25.0734960305139,82.6315147277928
18.5128543295251,69.0843996828417,0.500475111024419,13.2504564105667,24.9484411874689,75.0586273306541
19.3259188777812,69.9596771448868,0.625593888780524,14.8130102325674,24.0730572861542,72.0774942879782
17.0743555133795,56.6429557580584,0.625593888780524,16.2505597488082,24.1981121291992,71.827398898364
15.0729648554387,54.4547621029458,0.688153277658576,16.6255726660884,24.1355847076767,67.7358343227482
14.0722710275106,49.2030973306755,0.688153277658576,16.1880575959281,22.5098717480923,69.9666881992522
15.0104224293446,46.4522253071053,0.563034499902472,17.6881092650489,22.8225088557047,65.5249920789396
14.8853355757668,43.3887541899476,0.500475111024419,17.0630877362486,23.4477830709294,62.9740201052556
16.3863778187012,49.140577511958,0.563034499902472,16.8755812776085,26.261517039441,65.5449967089641
17.1994423669574,53.5169648221832,0.688153277658576,16.8755812776085,26.3865718824859,59.3226254161241
19.513549158148,61.0193430682837,0.938390833170786,16.3130619016882,26.3240444609635,67.3756959613221
19.576092584937,64.0202943667239,0.813272055414681,15.7505425257679,28.0122848420704,66.0151770418205
20.6393308403489,60.8317836121312,0.910864702064443,15.440531847483,28.022289229514,67.8258726645356
19.1382885974144,59.1437485067586,0.750712666536629,14.4504977458633,26.931810998162,67.0555748629974
19.0132017438365,57.330673763951,0.770731670977606,15.03051772459,27.6121093443265,68.8362530366694
18.8255714634697,56.7679953954935,0.770731670977606,15.9605497594448,28.3624384025963,69.1763867680711
19.2633754509923,56.7054755767759,0.900855199843955,16.6005718049363,28.0723101662932,66.2252561687149
20.2640702796153,56.7054755767759,0.950902710946396,17.9906196849882,30.1132062052257,68.5761588333784
19.6386360117259,54.5798017403808,0.750712666536629,16.0505518595576,28.442473502145,67.7258285064005
23.0159810583284,56.5804359393409,0.710674657654675,16.5005683603283,27.9122409676344,73.5280445465963
22.0853348677091,54.7048413778158,0.690655653213698,16.1205562708522,28.1323384918323,70.7769952608393
20.6043065213471,56.2053170270359,0.770731670977606,17.1505907502806,27.8121960927597,69.526518312768
22.4355780577271,62.1997172456702,0.800760177639071,16.5505690825979,29.01272358643,66.8354899197553
25.0573995094141,69.0218798641242,0.780741173198094,16.7805790052653,30.0131623307897,66.5954003464887
26.2182055106168,67.141286718053,0.750712666536629,18.390632463386,29.6229922209282,67.2356435435197
25.7678918370416,70.7724347882143,0.780741173198094,18.2706293298908,29.0927586859788,69.7766137023822
22.865876834035,69.4220087045504,0.950902710946396,20.9807226787689,27.8322058680856,68.2760413646966
23.5463483168038,68.1115873023289,1.50142533307326,24.0008267059321,27.1419021340387,67.9359156363474
22.7758142994589,70.9324895253995,1.28121628422251,21.9707557803542,24.7508545354579,71.1271268055362
20.9045159706288,70.3623007761591,1.23116877312007,20.8307175118569,24.6007887238039,69.9266729369139
21.3348137462418,73.2132105115799,1.30123528866349,21.4207378350444,24.0105298646317,68.0759680541499
20.4542032977485,68.0415661056824,1.34127329754544,21.8907530246678,24.1005693516241,68.3260634437641
22.2754668851474,68.8518279578468,1.21114976867909,20.4107030445031,25.2010529708585,69.1663799513419
23.2661547654842,73.0231482620444,1.15109275535616,18.6106420415926,24.5607701735908,70.4768777921575
22.045308075259,66.0809455910186,1.13107375091519,18.2406282965084,24.2906537134912,68.6161670930458
24.867266491281,71.3626178756391,1.16110225757665,18.8606506531127,25.6112318556072,69.0263275335394
19.9938826758871,69.2019369420306,1.15109275535616,19.9706868881932,25.7713020547047,68.4661158615666
18.9731729499968,65.4907615032767,1.05099773315128,19.4306692873442,25.2710826825249,67.5757772749213
19.513549158148,66.9112097839042,1.02096922648982,18.770646552931,24.9609476722122,66.0251828581681
19.033215640409,65.5407733569823,1.02096922648982,20.0506896438796,24.7808676977887,65.5349978952873
18.0825555532172,61.8996231161433,1.04098823093079,21.4807399018092,21.7095217530433,63.5242289620254
18.5829029675287,62.0696750224207,1.00095022204884,21.7007484799814,20.3989449970546,64.2244930518007
18.562890071651,57.0680895250204,1.0309787287103,20.7407144117096,19.8787188508651,61.1233112209653
17.2920076392998,55.4175693118296,0.950902710946396,20.7907171340481,18.7682308441872,61.0232750658827
15.7409296542394,49.7257620148367,1.15109275535616,22.2707671142128,15.3467303384771,47.0179332474834
15.5207757912475,51.1862239797605,1.26119727978154,23.6008129274999,17.35761221464,51.8697818052372
16.1512155346697,57.7383039823062,1.17111175979714,24.0008267059321,17.6777526128351,56.0213672735972
18.0225138634998,56.3978790690029,1.07101673759226,22.1007612583791,17.7377789374967,52.9702045206846
18.3127143631056,57.9183620605297,1.04098823093079,21.9107547136238,16.5172436693779,50.1691371573863
18.682972450391,62.2197245879769,1.02096922648982,21.2907343570884,16.6673094810319,50.3191913900102
18.5829029675287,61.4194719087099,1.0309787287103,23.8608228835152,16.2971481460575,50.7193460141562
18.722999242841,65.2306770567777,0.920874204284931,23.2908032492494,16.4672207317212,51.9198048846862
18.9831818996727,65.770849290814,0.840798186521024,19.8006810323595,17.0574795908934,50.1491285258356
19.8537853998798,64.7305185070376,0.820779182080048,19.2406627425889,17.8878437487119,53.7304925043489
21.3147988489746,64.2303599572976,0.860817190962001,19.6706775544035,18.9483108186106,51.9198048846862
22.5556624378567,67.8515108583667,0.870826693182489,20.0206896105317,17.1375146904422,50.5792925959722
20.4041665549276,67.4613871895695,0.950902710946396,19.7206782766731,16.1070637841905,47.8182374938675
21.0145914010825,67.5614178992004,0.980931217607862,19.4806710096482,15.4567786003567,48.7686009747833
22.4455850060133,67.891524542663,0.910864702064443,18.95065375326,15.9569979725365,50.1091122631158
23.7064614907731,68.9218501548104,0.93088370650542,18.8206482752351,16.9474333298913,53.1902854624005
21.0646251418188,68.6317571956441,1.04098823093079,19.6906792433595,15.5068005375747,53.3303418817292
22.1854043505714,66.1209582749978,0.960912213166885,20.2006968108606,14.506361793215,53.1002551236656
23.2661547654842,63.8202299465108,0.99094071982835,20.9107202675433,14.6164100550946,54.530796750733
24.4269607666868,62.6798694534206,1.13107375091519,22.8107847150618,14.9065372909589,52.1198771948514
24.0466957311153,60.6692340840999,1.33126379532496,25.0008611520126,14.3863091438919,50.8193821692388
23.9166064040891,60.2490989016841,1.47139682641179,24.3308380731386,14.6264144425382,53.0502330445981
22.7558004028865,58.0083905994829,1.50142533307326,23.85082153902,14.5863968927638,52.3599707696442
23.466292730514,61.3894593947742,1.50142533307326,24.4908435845115,15.646861961785,52.8301511025006
24.6771344738426,63.970279512067,1.43135881752984,23.0007922598516,16.8173742922471,57.9921199441392
24.9673369748381,62.5098175471432,1.34127329754544,23.5008094828918,16.937427942009,59.72278004027
24.1067384215275,60.4691696638868,1.85175791079035,26.3709093431773,16.6773138684755,56.9217126769717
23.6864465935058,60.3291252699596,1.8917959196723,27.6909548120036,16.4972348944907,58.1721896250431
24.7571900601324,55.8877153476339,2.27215700405086,27.2609390001545,15.0566031026128,56.5215580528258
25.0774114045969,55.9477353739198,2.63249908398844,28.2409727573134,15.3467303384771,54.9409531897004
24.9973568190019,57.2181390905766,2.95280315504407,29.0410013142122,16.3671788581627,56.901704045421
23.025986005225,51.5163306232231,3.09293618613091,30.0810361381015,16.3071505326237,56.0413749047664
23.5263354209262,49.5757164505489,3.19303120833579,29.9510326601455,16.0970593967469,54.0306059715045
23.3362034034878,50.0658698286599,3.21305021277677,29.9910330379543,15.8369453232134,54.7608885107044
25.0273776638606,56.0477660835507,3.1029456883514,29.4510154371053,16.7273348052547,57.1317918038661
24.1667801112449,53.2768867176738,4.53430450588124,30.6610561168282,17.7477833249403,56.8216715199813
23.3161885062205,50.9261435345299,4.3941714747944,31.211074062138,17.6577438379479,55.3911258913877
21.4148713339213,51.9964828309736,4.95470359914175,28.7009896025449,16.5572602187136,52.820145286153
20.1139640539322,55.2675197462734,3.99379138597487,28.9609965584569,15.8969716478749,50.5692867796245
16.8617078622971,52.2965769605005,4.10389591040024,28.6009851579024,15.5268093124619,49.498879512457
17.7323113625043,54.7173463418764,4.69445654140905,26.3309069652996,16.0070199097545,53.0202225982259
18.7530210883946,54.8673909058471,4.06385790151828,25.4408773083224,15.696883899003,52.2099125354941
17.5221664491883,51.876445779353,4.5643330125427,28.540984091172,12.6155325663753,50.5692867796245
14.9703946361997,49.5757164505489,4.60437102142466,26.4609104432557,12.3954360426161,49.7789843480618
14.3499628417586,45.3643784607866,2.43230903957868,22.2107640474135,12.6055281789317,47.5181240267119
14.4600412742968,44.4240823879095,3.71352532380119,25.490878030592,12.4554623672777,48.1183509610231
15.0104224293446,48.1352578266634,3.72353482602168,26.7809234660703,11.8451947332183,51.469632182999
15.8209842398344,50.015854974003,3.57339229271435,26.800922154923,11.3949972982565,49.6789481929792
15.7409296542394,52.2365599351659,3.11295519057189,25.1408649744294,11.7851684085567,50.0090761080332
14.7602487221889,49.0955652431156,3.90370586599047,28.4909813688335,11.7751640211132,50.0590941855745
14.3899916355984,47.8351636971365,4.18397192816414,29.0509996586042,10.2044751924685,49.2687917540118
14.1798457215876,47.9251922360897,4.45422848811733,29.341010648002,10.6546726274303,49.0387039955667
14.8803321016236,47.4750485410066,4.02381989263633,29.1510041032467,9.77428653239384,51.9698229622275
14.7302268766354,45.2643487514728,3.63344930603728,27.3509421003018,9.63422510818349,51.8997962531355
14.0397494462752,43.7838794442423,3.63344930603728,25.900892153485,8.66379952615462,49.9190417677721
14.5200819633194,48.8854956512735,3.57339229271435,23.7008173721424,8.32365035307234,47.7682194163262
14.3499628417586,53.1668558379994,3.32315473720214,23.6108142719951,8.26362402841076,49.9790616601348
15.4307152580611,52.6967048006096,3.35318324386361,24.2908376953299,8.7238258508162,50.9394269558721
16.3713683969667,53.0168062724432,3.80361084378559,25.4808776861312,8.4336986149519,51.1194956363943
15.8510060853879,55.1174701807171,4.12391491484121,25.900892153485,8.7438346257034,51.9498143306768
15.9610825165365,56.7079753692075,3.98378188375438,25.1808673523071,8.65379513871103,53.2603161730187
16.0211222048642,58.2384625320462,3.72353482602168,23.900823261324,10.2144795799121,51.5196502605403
15.5107688429613,57.6982902980099,3.77358233712412,23.4108063827446,11.3849929108129,52.9201864431433
14.9603876879135,55.4875905084761,4.00380088819535,26.7709221215751,9.88433479427341,51.199528161834
14.8002765153338,52.5166477227032,4.74450405251149,29.0009989363346,9.70425582028867,51.1695187158434
14.149823876034,53.0568199567395,4.69445654140905,28.6109865023976,9.78429091983744,51.0194594813117
14.0697682897442,52.9867977597759,5.06480812356712,29.7310240819733,9.58420317096551,52.2999468757553
14.9103539471772,53.8070577813496,5.45517871016617,30.1210385159792,9.68424704540147,54.090630865775
14.7302268766354,55.9377302022908,5.16490314577201,28.6109865023976,10.5046068157764,53.1202587533085
14.109797083584,51.4763169389268,4.78454206139345,27.6509524341259,10.1644576426941,52.10987538003
13.8095876343022,49.8658054084468,4.57434251476319,30.1510385493272,9.75427775750665,50.6493193050642
14.3699777390259,47.4750485410066,4.38416197257391,28.950998214065,9.11399696111647,47.8182374938675
14.1598318250151,46.5947724944154,4.15394342150268,28.4209789576079,8.80386095036498,49.5188871436261
14.6801931358991,48.3153149045698,3.77358233712412,27.2409383112329,8.69381268848541,49.5388947747952
15.0104224293446,24.6378091598768,4.0538483992978,27.5109476116746,8.4437030023955,49.0587126271174
15.0204293776309,23.7075162579945,3.80361084378559,27.3309414113801,8.32365035307234,47.4981163955428
14.5400968605867,23.5674698634331,3.52334478161191,25.9608932202154,7.22316773427672,47.5281258415334
14.7902695670476,24.8678840933914,3.06290767946945,25.0908642521598,6.76296591187128,46.6377872548881
15.0104224293446,26.5784253331852,2.86271763505968,24.3708404510163,8.02351872976444,48.0383224371096
14.5801236530368,24.6778228441731,3.30313573276117,26.5909159212806,7.41325109570505,47.0379408786525
14.4200124804571,25.0979560259547,3.08292668391042,25.5808811307393,7.89346169299769,44.366920116809
13.2091717378233,24.2076748077346,3.34317374164312,25.9408945313627,8.10355382931322,42.176086504551
13.1291161515334,25.5080860367415,3.64345880825777,26.9409289774432,9.41412858442437,43.7666931824978
13.3592759621167,25.22799624857,3.58340179493484,26.7809234660703,9.96436989382218,42.8363383331327
14.4600412742968,26.1082762964296,4.04383889707731,27.6309507451698,10.0444049933709,45.3172835977248
18.3127143631056,26.3683597426115,4.10389591040024,28.5809844689808,9.894339181717,47.2380181907255
18.8130617774171,25.5781082337052,3.92372487043145,28.7109879469368,10.0243962184838,45.967533611485
18.3327292603729,24.22767914909,4.23401943926659,29.5910192595221,9.56419439607832,46.0175516890263
17.9624731744772,24.6178048185214,4.14393391928219,29.6610216707477,10.5046068157764,47.6981927072342
17.161916310884,23.677505744693,4.02381989263633,32.2911132639739,10.7146989520919,50.5692867796245
17.4321039146122,24.6578165021835,4.08387690595926,32.0711046858017,10.9748130256254,51.8997962531355
19.213341710256,26.33834922931,4.1339244170617,33.601155388236,11.5250543350232,53.2803198026617
18.7430141401083,25.6381262593569,4.00380088819535,32.5111178420083,11.034839350287,52.049851486141
19.1432930722524,26.5084031362216,4.53430450588124,32.9711366873086,10.8747691511895,54.3307234401863
19.8637923481661,27.3186589864834,4.85460857693687,32.7911304870141,11.2949534238205,56.0413749047664
20.8744951257701,26.8985258047017,4.57434251476319,32.131107752601,10.9948218005126,53.4203772223719
21.5549676092337,26.8985258047017,5.69540676345789,36.2912510482959,10.9748130256254,52.8101434713315
20.7444037973543,26.1782984933932,5.57529273681203,35.5812275916132,10.9047823135203,50.6193048571658
19.6536474348501,25.5881114047,6.15584386560036,38.3313223183346,10.7146989520919,51.469632182999
19.7236960728537,25.5480997210379,6.25593888780524,38.5013261740994,10.7747252767535,55.441143968929
20.8945090223426,26.2283133480501,6.23591988336426,37.5412941058965,11.2349270991589,55.9513405645052
22.6257110758603,26.5284094782112,6.70636648772722,39.2613503530517,11.5650718847976,55.4111335225568
22.515633644017,28.388998282927,6.76642350105015,39.1113481862429,11.7351464713388,58.9724938714272
23.1160505411907,28.3489865992649,6.79645200771161,38.9413403303403,11.605089434572,63.2741335724111
22.5956892303068,29.9694993001055,6.67633798106575,40.6614005776332,11.5150499475796,64.474588441415
20.7043750035145,28.19894003466,5.20494115465396,38.9113402969924,11.0048261879562,60.3230069745811
21.7050718335272,29.0892212528802,5.2549886657564,37.8813058175639,11.4150060731437,62.273752013954
23.6964535417921,28.9191673459686,5.70541626567838,39.2513520086597,11.705133309008,62.7239247156413
22.7658073511727,28.9391736879582,5.61533074569398,39.1313488751645,12.1353219690826,62.2137281200651
22.6157031268793,26.6184390174815,5.95565382119059,42.2414570025093,11.9052210578799,59.4726846506557
22.9059036264851,26.1482879800917,5.90560631008815,43.78150704937,12.1353219690826,58.0421380216805
22.515633644017,26.1082762964296,6.07576784783645,42.6614694697942,12.1953482937442,63.3741697274937
21.4749120229439,25.5080860367415,6.91656603435747,44.2415258946703,12.9656861269011,62.2237339364127
20.2940921251688,25.1179633682614,7.1567940876492,45.2415603407508,12.3554184928418,59.0425195801376
20.9245288665064,25.7181516273153,7.42705064760238,48.141657234281,13.2057914255475,59.592729437289
20.864487176789,25.988238244492,8.31789634522585,49.5917081811321,12.9756905143447,63.1040707082365
20.9045159706288,26.6584507011436,7.64725969645313,47.0016189657836,13.7260195726145,65.8651178072888
19.7136891245675,27.3686768420916,7.53715517202775,45.7015751859134,15.2466864640412,68.0659622378022
20.7944395394803,27.2186272765354,7.83744023864241,47.6916417335447,16.1870988837392,67.2756598062395
21.2947849524021,27.4587053810448,8.48805788297415,48.6416744573212,16.0870550093033,68.9863112708196
23.0159810583284,27.6687709716185,9.06860901176248,48.6216737683996,16.5672646061572,69.4364879740331
22.7357855056192,27.8188175362234,7.54716467424824,43.081485937217,16.1370759460825,68.9763054544719
22.5756763344292,28.4890309931921,7.85745924308338,42.2514553469012,15.8369453232134,68.7962367739496
22.5756763344292,27.6587678006237,7.50712666536629,41.6614350237137,14.5463793429894,66.4253374823141
22.7257805587226,27.08858705392,8.25783933190292,44.1015170720813,14.2862652694559,68.7262100648576
23.0159810583284,26.5984316751748,7.96756376750875,44.2615225834542,14.3663003690047,68.0259459750823
22.4155641611547,26.5784253331852,7.45707915426385,42.7514725699415,14.1762170075763,69.0863484262837
23.9366203006616,26.5384136495231,7.6672787008941,43.4514976822323,13.7560327349453,69.1563741349942
26.7585797173784,26.3583555712996,7.93753526084729,43.9615132496645,14.1061862954712,70.5669161339449
27.5791484761544,25.3880469844868,7.63725019423264,42.6914695031422,13.2958309125398,70.0867299847408
25.8779672674953,24.6378091598768,8.00760177639071,44.3815297170872,13.0657300013371,70.4068510830655
27.0587871652704,25.037938000303,8.1877728163595,46.1515916866841,13.2858265250962,73.0378595837155
27.5191077871318,25.8581970215596,8.51808638963561,45.8815813862079,13.6659932479529,73.7881457525583
27.5491276312957,25.4880796947519,8.23782032746194,45.0615531404219,13.5959625358477,74.0282353258249
29.2002750992184,25.1679782229183,7.4070316431614,43.0614842482609,13.3458528497578,72.8477850868455
27.7192477535513,27.548733919998,6.38606241667159,40.4013936217212,15.7068882864466,75.7789030531248
25.7979116812055,26.1382848090969,5.73544477233984,37.4012902834797,15.3667391133643,73.2379328942622
26.6885310793748,25.7881758249131,5.30503617685884,35.4112197357106,14.4063179187791,69.7265916233147
27.0788010618429,25.8682011928715,5.4251502035047,36.951273782709,14.7064495420869,68.105978500522
27.1288378046637,25.8982087052217,6.02572033673401,38.4013247295602,14.2462477196815,69.3064333695258
28.0794978918555,26.238317519362,6.49616694109696,39.7113668538223,14.8565153537409,72.3776037536076
28.7999981684641,25.9582297318247,6.21590087892329,39.4113575200326,14.9165416784025,74.5884469977977
30.7613590318703,26.7784887530812,6.1158058567184,37.9413058842598,15.5868356371234,76.4091404338081
32.9328668099821,28.3589897702597,5.99569183007254,39.1213465306348,15.8969716478749,79.3302605867921
33.7234167252891,28.5790595321453,5.84554929676522,39.8013699539696,15.8569540981006,79.7904351033009
31.1015952736021,28.5790595321453,5.62534024791447,39.1613489085125,14.9565592281769,81.5811190933206
30.0508647028531,27.8688353918316,6.24592938558475,42.3414584470485,15.1666513644924,79.040148934458
32.2223744823546,27.4887138937121,6.02572033673401,42.2614536912932,14.8565153537409,79.4503013718992
30.7213302380305,28.0388892987432,5.33506468352031,39.0013433971396,14.6764363797562,77.2394591280906
32.362470757667,28.4990341641869,5.40513119906373,40.4713950329124,14.7264583169741,80.0305246765674
29.800692997087,27.1486050795717,5.22496015909494,40.6413988886772,14.0761731331404,74.2583260854147
30.8614305161222,27.0285680279512,5.15489364355152,40.9214075335453,13.8060546721633,75.3387331666406
30.8214017222825,27.2086261061748,6.05574884339547,44.3815297170872,14.1161906829148,76.2790938323533
34.3738653618096,27.4687065514054,5.99569183007254,43.9615132496645,14.1261950703583,80.0205188602198
35.2544788123874,27.1185975672215,5.97567282563157,43.6615039158748,14.2162345573507,77.2694695744627
35.8949225020113,27.4987170647069,6.0357298389545,43.3014905152513,13.9661248712608,77.2194544980661
37.1658049343625,27.5187234066965,6.26594839002573,41.5514302346105,14.2262389447943,76.6392321937794
37.3159111600456,27.298654645128,6.6362999721838,42.3414584470485,13.8060546721633,75.0786389633495
38.6968710242401,28.2589580603117,7.37700313649994,45.0415524515003,14.1962257824635,77.5495754104492
39.0871380046238,27.9988756144469,7.35698413205896,46.2515931312233,13.9561204838172,77.5495754104492
45.5316147023454,27.9988756144469,6.83649001659357,44.7815414954505,13.2558133627654,75.5288076635105
47.4429418250153,27.7487963395769,6.81647101215259,46.1215876531983,12.9756905143447,75.2787122738962
52.4364110212336,27.9788682721402,6.74640449660917,47.5216368777455,13.0357168390063,77.6196011191596
54.7580220229441,29.3192931854435,7.18682259431066,49.0516885802142,13.8160590596069,78.6399953106936
55.5385629885752,29.9795024711003,7.00665155434187,49.6517122479659,14.2362433322379,78.2698511329198
55.2083356965192,26.8685182923515,6.52619544775843,49.1716917137094,14.1562082326891,77.139422973008
64.5948541896976,26.6084348461696,6.90655653213699,48.9916895135527,14.2562521071251,76.4991787755955
62.7235518580881,27.2386346188421,6.06575834561596,46.3815986092482,14.3162784317867,75.9389681040042
65.1952700861765,27.08858705392,5.60532124347349,44.5815376063377,14.2262389447943,74.9485843588423
65.0351549108175,26.9685480016653,5.74545427456033,44.6515400175633,14.3462915941175,77.139422973008
64.0544779815463,27.0185648569564,5.99569183007254,44.9715500402747,14.8064934165229,79.1201734568453
64.4447489647093,26.7284718977901,5.83553979454473,44.4115297504351,14.6464232174254,81.9012411920269
69.2981168821411,26.6784570431332,5.4251502035047,41.5014295123409,14.656427604869,79.4703130045946
70.2487739672484,26.1282836387363,5.4251502035047,41.8714412573562,14.0661687456968,81.5310970142531
70.5389764682439,25.6581336016636,5.70541626567838,42.5014639584214,13.1157519385551,78.8400686212404
74.0313994187484,26.188301664388,5.5152357234891,42.0014467353811,13.1457651008859,77.0794020802637
78.8947842914147,26.3283460583152,5.37510269240226,41.3814263788457,13.2258002004347,78.6599989403365
81.2664340373357,25.9782340731801,5.80551128788326,42.131452213406,13.0657300013371,79.1301792731929
86.8703160713709,25.4880796947519,5.76547327900131,42.4714639250734,12.9656861269011,79.2002059822849
89.051830797769,25.2580067618715,5.67538775901691,44.8215438733281,13.0057036766755,77.6296069355073
42.8397436119599,25.1779813939131,5.66537825679643,44.6315383286073,12.4054404300597,78.8100581748682
40.2979807486472,25.0979560259547,5.93563481674961,45.6815734969574,12.3954360426161,78.8800838835787
42.9898488369482,24.3177076880432,5.8555587989857,44.7615398064944,11.3949972982565,76.5992159310596
42.5295302164765,24.287700175693,5.39512169684324,41.7914405017387,11.2949534238205,74.838542387412
40.9184105416987,24.1276494397762,5.38511219462275,42.4514632361518,11.184905161941,74.2983353454636
43.7703898025793,24.9479094613498,5.27500767019738,41.9814460464595,11.034839350287,75.7889088694725
35.3745641932119,24.4677552529652,4.58435201698368,39.7713699206216,9.50416807141674,72.6977258523138
35.5246664161156,24.9879211450119,5.05479862134663,40.7314029888589,9.894339181717,72.4776409090717
36.0850565208393,25.3080216165284,4.66442803474759,37.9713089177111,9.11399696111647,72.7377421150337
37.2658774193093,25.22799624857,4.80456106583442,38.1213120845543,9.76428214495025,74.3583632408788
34.7941591912209,25.3080216165284,4.0538483992978,35.311217291137,9.3040803225448,71.5472860597066
37.5760938168772,25.7481621406168,4.12391491484121,35.4312204246322,10.0043874435966,72.3876105703368
40.5881832496427,26.0782667834452,4.41419047923538,37.5912948281661,10.0744181557017,72.4176200163274
38.2665722479322,25.4380638397779,4.5643330125427,38.0513096733287,9.9043435691606,71.877412974379
35.8348798115991,25.4380638397779,4.67443753696808,38.0713113622847,10.3345322292352,71.1971535146282
38.3366168831565,25.0479411712978,4.74450405251149,39.9913794988282,11.2849490363769,72.8477850868455
37.7862347274139,25.0479411712978,4.60437102142466,39.7113668538223,10.2144795799121,71.7273547402289
36.5253612447386,24.7178345278352,4.59436151920417,38.931340985914,10.3145234543481,72.1775314434424
38.2765771948288,25.0979560259547,4.38416197257391,38.0513096733287,10.4245717162276,73.6180748853312
41.5788691285898,25.7981789959079,4.04383889707731,36.8612706825618,11.0048261879562,75.0186110679343
44.0305724594109,25.688143114648,4.31409545703049,38.4313237628737,10.7247033395355,75.5588181098827
42.6796364421596,25.6181219180015,4.15394342150268,37.5512924502884,10.7447121144227,75.8889460249366
43.0198686811121,27.7688026815665,3.73354432824217,39.1913489418605,10.364545391566,75.1086494097217
46.1320295981295,27.0585765406185,4.08387690595926,41.4714294789929,10.1444488678069,80.0305246765674
45.8618459971806,26.7284718977901,3.93373437265194,40.3213888659659,9.76428214495025,79.2302164286571
45.7717794598253,26.9785511726601,3.5333542838324,39.1813495974341,9.77428653239384,82.0312877934816
46.2521159796488,27.0285680279512,3.5333542838324,40.7114012999028,9.86432601938621,82.0913086862259
51.3456496552552,26.58842850418,3.85365835488803,42.4414608916221,9.9043435691606,85.1824917033846
51.2455811730878,26.0782667834452,4.43420948367635,46.2115907533456,9.93435673149139,86.7831001961528
53.2369658834371,25.2780131038611,4.10389591040024,45.6315727746878,9.79429530728103,86.673057224341
53.6472507631726,25.738158969622,4.38416197257391,47.1716228215484,9.86432601938621,92.4052475558263
51.3356437076638,24.5977974762147,4.08387690595926,47.5216368777455,9.23404961043963,90.6145635658066
54.0375207456407,24.6778228441731,3.89369636376998,44.981549384701,8.61377758893664,92.1451463498644
55.6986741611548,24.787858725433,3.65346831047826,43.8615118051253,8.25361964096716,87.3233072381012
54.507844313009,25.5380965500431,3.11295519057189,44.131521105567,8.02351872976444,91.2848172092097
61.1924867689053,26.6684538721384,3.32315473720214,42.5814687141767,8.29363719074155,92.2851987676668
61.5827607541528,27.2886514741332,3.3631927460841,44.3115273058615,7.97349679254646,91.0547264496199
64.6048631393735,28.0789009824053,3.2731072260997,46.3315978869786,8.40368545262111,98.697648558903
69.3881754139378,27.7688026815665,3.84364885266754,47.0616220325829,8.32365035307234,98.3174985647815
72.6804624008022,28.0188819564365,3.69350631936021,46.4816010538218,8.1535757665312,97.8573240482728
74.3816486129354,27.7187858262754,3.81362034600607,49.6617105923578,8.18358892886199,96.9869890912705
71.1594102640746,26.9085299760136,3.6234398038168,50.5017395270654,8.30364157818515,98.3174985647815
73.4009716836642,26.6484465298317,3.98378188375438,51.9417881293869,7.90346608044129,103.719559980831
71.9399502290109,26.1582921514036,4.06385790151828,53.4018414207677,7.72338710645655,104.659921646926
76.3530104204589,26.9185331470084,4.30408595481,57.7019885388795,8.52373810194427,107.320932590895
85.6494743846198,27.19862293518,4.40418097701489,59.8720612868053,8.55375126427506,104.319787915524
76.1428655071429,26.4183745972684,4.11390541262073,56.5919493036957,7.90346608044129,102.599130634596
72.0800475050181,27.798813194868,5.12486513689005,59.2020402080002,8.65379513871103,102.479088849108
71.8999294407298,27.548733919998,5.15489364355152,59.6220526752851,8.26362402841076,102.679162159654
67.3567669132228,26.6984643854399,5.2549886657564,54.8018866451771,8.27362841585436,103.329412173415
70.3388405046038,26.7084675564347,4.79455156361394,56.2119352141506,8.4537073898391,108.581415355314
71.509651452703,26.6384433588369,5.22496015909494,58.1019993172083,8.10355382931322,108.741472403141
67.7670547950427,26.938539488998,5.74545427456033,53.2718349427084,7.5733212948026,105.760339360465
63.233905219991,27.1786155928733,5.10484613244908,48.6116754240077,7.84343975577971,106.720704656203
64.7049236159823,27.5087202357017,5.13487463911054,49.8617184816083,7.81342659344892,108.241281623913
60.0016609235388,27.0185648569564,6.10579635449791,49.4617027031072,8.09354944186962,108.221276993888
62.7635806519279,27.2186272765354,6.61628096774282,51.8917864070828,7.96349240510286,108.941553716741
69.8384930902923,27.2586409608317,6.6362999721838,52.7418186863546,7.60333445713339,114.143533819191
66.516186259264,27.0785838829252,6.49616694109696,52.8718201642417,7.35322477104347,113.163164893811
67.0865823115791,27.1586092508836,6.72638549216819,57.5519813718985,7.32321160871268,117.554838935056
70.4389079860764,24.1576579524435,6.47614793665598,58.3620112732926,6.95304927329961,117.174688940935
71.9399502290109,23.8075459673083,6.55622395441989,56.4319437923228,6.93304049841242,123.517112023079
67.747036895691,23.177347194953,5.46518821238666,56.3119406588276,7.11311947239716,111.742617078513
64.5548253958578,22.5671527639531,4.74450405251149,51.0717591613313,7.03308437284838,109.951941091545
63.5941553582953,23.7275205993499,5.13487463911054,52.3018005299758,7.31320722126909,110.252050557175
61.702847135672,22.7672171841662,5.55527373237105,53.3018349760564,7.10311508495356,109.591802730119
59.2811636490147,21.9269508206029,4.72448504807052,49.311699536264,6.76296591187128,100.588368704005
57.5999953362333,22.1070078985093,4.50427599921977,50.0617253708244,6.6929351997661,100.708409489112
58.8708747665,22.5071347383014,4.73449455029101,49.8817191705299,6.52286061322496,99.7280395633507
57.3097968380171,23.3073874175683,5.2549886657564,52.931823231041,6.93304049841242,104.629903197501
55.4384955071025,23.3073874175683,5.2549886657564,54.4318749001618,6.73295274954049,104.419824070607
50.7052089677158,22.2970691477277,5.28501717241787,54.96189215655,6.38279918901461,97.9973764660753
60.7621909946819,23.8775701649061,4.86461807915736,50.7017474163159,6.28275531457864,98.8176893440101
65.6355698066017,24.2576896623915,5.35508368796128,51.5217746620675,6.89302294863803,105.640290572306
68.3474597970337,24.2977033466878,5.86556830120619,52.2718004966279,7.13312824728435,108.181260731168
63.6942278432421,24.4377467402979,5.64535925235545,51.751782584666,7.37323354593067,107.511007087765
67.957181809007,25.7981789959079,5.79550178566277,50.7117457607079,8.00350995487725,111.79263915758
68.7977694678296,25.8581970215596,6.1158058567184,52.5118067636183,8.00350995487725,106.160493984611
68.4275173847132,25.8481938505648,6.49616694109696,51.2117629837481,8.27362841585436,108.52139446257
72.5703859696537,25.6081177466896,6.0357298389545,48.191658956585,8.77384778803419,106.400583557878
74.1514847995728,26.8585141210396,5.30503617685884,44.1515227945231,8.02351872976444,106.200510247331
73.0507224894772,26.6684538721384,5.23496966131543,43.78150704937,8.00350995487725,107.050832571257
77.0334839046174,27.3586726707797,5.74545427456033,42.7514725699415,8.09354944186962,108.941553716741
74.2715711810921,27.8788385628264,5.19493165243347,41.5314295456888,8.31364596562874,114.253576791003
75.072130046075,28.3789971125664,5.46518821238666,43.2314891040601,8.17358454141839,116.24433409157
80.0055485463224,28.4390151382181,6.02572033673401,42.4614615805437,8.01351434232085,115.644106156877
80.4658671667942,28.3489865992649,6.42610042555354,44.3215266502879,8.29363719074155,119.075415902766
78.3443991335876,28.7391102680621,6.59626196330185,46.1515916866841,8.38367667773392,117.704898169588
83.1777571572262,29.249271988797,6.2058913767028,45.7715765971046,8.58376442660585,121.866481451243
85.9096570414514,29.4093227247138,6.32600540334866,44.2015235167927,8.89390043735735,122.926882902063
91.6936721501974,29.7694368805266,6.75641399882966,45.5515680189325,8.52373810194427,118.655257648977
91.3834517498501,29.1292349371765,7.26689861207457,46.8416134544108,8.04352750465164,120.045787014851
88.3213205707897,29.4093227247138,7.13677508320822,46.9116158656364,7.23317212172032,122.036544315418
87.7809513675023,30.1995742336201,7.12676558098773,47.491637844432,7.08310631006637,125.807986792327
82.2571119107241,29.6493978282719,7.25688910985408,45.0215507625442,7.42325548314865,131.960335377601
84.898945257594,29.8694695907917,7.6672787008941,45.1515572406036,7.51329497014102,134.361245115609
85.1090901709099,29.6493978282719,7.4070316431614,43.6515055714828,7.62334323202058,133.771022997264
94.6857476863905,31.2198956744556,6.8064615099321,43.2114874151041,7.89346169299769,130.939941186067
88.5614923331334,31.1198659651418,6.57624295886087,43.2414914485898,8.30364157818515,132.38049363139
85.4393214657452,30.6097032440899,7.04668956322382,44.2615225834542,8.42369422750831,131.590183196775
84.8088867257972,30.1995742336201,7.11675607876724,44.8915452845193,8.23361086607997,131.320091180189
83.3278623822145,28.9891895429322,7.25688910985408,45.8115789749823,8.7338302382598,132.110386609081
84.8889443134767,28.7491134390569,7.30693662095652,46.2615914756152,8.53374248938787,137.202324740101
89.1318883854484,28.9091641749738,8.28786783856438,46.8516117988027,8.30364157818515,135.551701170936
85.4693413099091,27.7688026815665,7.56718367868922,43.1214843149568,7.59333006968979,129.1392513797
88.031125074658,27.298654645128,8.17776331413901,42.2914577247789,7.93347924277207,133.190799692596
89.6522536991117,27.3386663287901,8.0976872963751,42.931478770236,7.5533125199154,129.949558441287
93.5849773707362,28.0288851274313,8.88843797179369,43.5415007823795,7.89346169299769,133.230808952645
92.9745525245814,27.8788385628264,9.06860901176248,41.9914483909892,7.89346169299769,128.208904533387
94.7457863740234,28.5590521898386,9.12866602508541,43.6315038825268,8.01351434232085,126.538261328475
90.3027063384115,28.6190732164416,9.43896059392055,44.6115376396857,8.02351872976444,121.566363982561
91.0332095605269,29.0292022269114,9.69920765165324,44.2815242724102,7.75340026878734,125.978049656502
99.9894252746181,30.1295520366565,9.20874204284931,42.5514646806909,8.05353189209523,122.046550131765
100.880043672093,30.5696895597936,8.70826693182489,41.9514460131115,8.22360647863638,120.976141864216
108.815553663073,30.899794202622,8.85840946513222,41.0914153894479,8.37367229029032,119.985766122107
110.096449047879,30.8397761769703,8.48805788297415,39.1913489418605,8.69381268848541,121.876487267591
113.698941424668,30.4896651921523,7.73734521643752,39.2013512863902,8.4537073898391,120.045787014851
118.48226971035,30.5997000730951,8.20779182080047,41.6114343014442,8.35366351540313,122.986910797478
124.576504218748,30.0595278390587,7.79740222976045,39.901376398681,8.24361525352357,124.497481948841
120.58371884351,30.4996683631471,8.21780132302096,40.4313926550347,8.92391359968813,125.497863507298
123.085463920626,29.499351263667,8.26784883412341,39.3813574866846,9.13400573600366,123.066936320247
122.124797885843,29.4793439213603,8.54811489629708,39.0613464639389,9.42413297186796,125.928027577434
132.391928828904,29.9795024711003,8.89844747401417,41.781438157209,9.11399696111647,126.278167125184
137.825694743463,29.8294559064954,9.2187515450698,41.4114264121936,8.97393553690612,126.028071735569
143.849881614553,31.1698808197987,9.11865652286492,43.0014811814616,8.40368545262111,122.956901351488
143.949942091162,29.3993185534019,7.83744023864241,40.8314084335358,8.23361086607997,120.525973164055
131.941619158108,28.9691822006255,7.61723118979166,40.9014108447615,8.06353627953883,118.945369301311
125.086853577872,28.7191029257554,7.02667055878285,41.9114436352339,8.23361086607997,119.375533371448
122.144815785195,28.2589580603117,7.44706965204336,39.8913730541168,7.83343536833611,114.553694259685
135.394013314773,28.8191346357035,7.84744974086289,41.1614178006735,7.90346608044129,116.634481898986
138.576230875353,28.7391102680621,7.50712666536629,42.2614536912932,7.81342659344892,115.724138682317
131.861561570429,28.44901930953,7.90750675418582,44.2115218611846,7.52329935758461,113.343233574333
138.906447159766,29.0492095692181,7.98758277194973,45.3515601296819,8.03352311720804,113.223184786174
144.250153541833,28.6590849001037,9.0485900073215,47.5616392556232,8.23361086607997,115.10390011531
153.576636349463,29.4693407503655,8.9585044873371,44.7315407731809,8.49372493961348,116.904589921677
161.562177079095,29.849462248485,8.75831444292734,45.5615703634622,8.37367229029032,117.714895982883
167.366210087193,30.1795668913134,8.88843797179369,47.5716386000495,9.20403644810884,112.672971927878
170.538410692538,30.1795668913134,8.43801037187171,45.6615728080358,8.37367229029032,106.440599820598
184.828331844579,35.0411069944694,9.22876104729029,47.5716386000495,8.67380391359822,109.771871410641
188.000532449924,37.0717527070481,9.68919814943276,51.6117787622492,8.95392676201892,113.043116105652
165.48491381633,33.7406957654624,11.4909085491207,54.0418624662248,8.20359770374918,107.901155895564
166.505611533882,34.1008099212753,11.1605949758445,49.6917106257057,7.70337833156935,110.242044740827
171.659199908239,34.120817263582,12.1114976867909,52.0917942963334,7.19315457194593,109.441744495969
182.346612672373,33.6106525418958,11.7411461046329,49.6917106257057,7.51329497014102,112.492903247355
194.435008203529,34.5409484447294,11.9613551534836,50.0317223373731,7.06309753517917,114.253576791003
190.522287420834,35.321197782958,9.07861851398297,47.8116478671433,6.89302294863803,106.340562665134
194.044738221061,36.0714356075681,9.34887507393615,48.7016785241549,6.79297907420207,107.440981379055
199.968834594696,36.1314526329027,9.35888457615664,48.9916895135527,6.7029395872097,106.640672130763
180.175091885229,34.3909028804416,9.69920765165324,52.4218036634711,6.13268950292469,103.979661186793
172.809991956291,33.9207528433689,10.369844300426,54.7218858895596,6.06265879081952,102.969273811989
161.472118547298,33.0204654532026,9.07861851398297,52.8818225087714,5.92259736660916,99.7380383770275
130.100329665799,32.9504442565561,9.45897959836152,53.2618325981787,6.58288693788654,102.038918962623
133.842933328323,30.459656679485,9.26879905617224,53.2318335648652,6.85300539886365,109.841898119733
125.567190097695,28.5690553608334,9.29882756283371,51.2917677395034,6.08266756570671,108.671445694049
124.716593489197,28.4290119672233,9.9994927182679,47.8916486227608,6.45282990111978,111.03234717239
119.543003226606,27.6887773136081,9.86936918940155,50.0517230262947,6.25274215224785,110.772252969099
125.106871477224,27.2086261061748,11.5109275535616,51.1717606058704,6.53286500066856,108.591421171662
122.3349347936,27.8788385628264,11.4108325313568,49.5717074922105,5.78253594239881,103.409444698854
126.69797325265,27.9688651011454,12.7320868244612,53.6318483433318,5.29232095766258,100.318261681696
133.362603813363,29.1892529628282,10.6701293670406,45.9715844863552,5.62246574330127,103.19936557196
143.10937744832,27.9188502464885,11.3107375091519,46.551602465013,5.59245258097048,103.829602952643
153.186366366995,29.1692466208386,11.7311366024124,46.8216127654891,6.49284745089417,98.0173880987706
147.24223608289,28.2889685736132,11.8712696334992,45.9615821418255,6.6929351997661,96.0566342419054
161.151904207697,30.0095129844018,12.5318967800515,46.2715938201449,7.45326864547944,101.588750262462
169.847929259398,29.8394590774902,11.0705094558602,44.7315407731809,7.50329058269742,102.098939855368
181.065724292431,29.249271988797,10.2997777848825,44.5115311949743,8.27362841585436,104.98004274525
183.577478319223,29.3993185534019,10.5299963359538,45.7315752192614,8.10355382931322,101.348653686525
187.750358742769,29.999509813407,10.1696542560162,48.8816847244494,8.11355821675681,101.908872361169
181.295880100235,28.0588936400986,9.53905561612543,48.7416809020326,6.87301417375084,98.9277313154404
188.881148902587,28.3289802572753,9.02857100288052,47.5316362221718,6.80298346164566,102.088941041691
185.768986984874,27.4987170647069,8.96851398955759,48.3216644346099,6.04265001593232,102.679162159654
172.489777616691,29.0792180818854,8.20779182080047,47.0116173101756,6.27275092713504,102.749188868746
175.391786615528,28.2389517183221,8.51808638963561,48.9516871356751,5.8125491047296,97.747281076461
170.208179397703,27.638760458317,9.72923615831471,52.6818146195209,4.98218494691109,94.3659944100207
170.238199241866,25.988238244492,8.26784883412341,50.1517294710061,4.42193925006968,92.0351033780526
172.699915525143,25.2580067618715,9.45897959836152,51.2717660505474,4.86213229758793,90.5545356703914
